Model,Trial_ID,Trial_Name,Task,Subject,Actual_GRS,Predicted_GRS,Error,Absolute_Error
Dummy Regressor,1,Knot_Tying_B001,Knot Tying,B,13,16.766666666666666,3.7666666666666657,3.7666666666666657
Dummy Regressor,2,Knot_Tying_B002,Knot Tying,B,9,16.766666666666666,7.766666666666666,7.766666666666666
Dummy Regressor,3,Knot_Tying_B003,Knot Tying,B,11,16.766666666666666,5.766666666666666,5.766666666666666
Dummy Regressor,4,Knot_Tying_B004,Knot Tying,B,8,16.766666666666666,8.766666666666666,8.766666666666666
Dummy Regressor,5,Knot_Tying_C001,Knot Tying,C,20,15.852272727272727,-4.147727272727273,4.147727272727273
Dummy Regressor,6,Knot_Tying_C002,Knot Tying,C,22,15.852272727272727,-6.147727272727273,6.147727272727273
Dummy Regressor,7,Knot_Tying_C003,Knot Tying,C,18,15.852272727272727,-2.1477272727272734,2.1477272727272734
Dummy Regressor,8,Knot_Tying_C004,Knot Tying,C,20,15.852272727272727,-4.147727272727273,4.147727272727273
Dummy Regressor,9,Knot_Tying_C005,Knot Tying,C,20,15.852272727272727,-4.147727272727273,4.147727272727273
Dummy Regressor,10,Knot_Tying_D001,Knot Tying,D,14,16.613636363636363,2.6136363636363633,2.6136363636363633
Dummy Regressor,11,Knot_Tying_D002,Knot Tying,D,16,16.613636363636363,0.6136363636363633,0.6136363636363633
Dummy Regressor,12,Knot_Tying_D003,Knot Tying,D,12,16.613636363636363,4.613636363636363,4.613636363636363
Dummy Regressor,13,Knot_Tying_D004,Knot Tying,D,19,16.613636363636363,-2.3863636363636367,2.3863636363636367
Dummy Regressor,14,Knot_Tying_D005,Knot Tying,D,18,16.613636363636363,-1.3863636363636367,1.3863636363636367
Dummy Regressor,15,Knot_Tying_E001,Knot Tying,E,18,15.910112359550562,-2.0898876404494384,2.0898876404494384
Dummy Regressor,16,Knot_Tying_E002,Knot Tying,E,19,15.910112359550562,-3.0898876404494384,3.0898876404494384
Dummy Regressor,17,Knot_Tying_E003,Knot Tying,E,22,15.910112359550562,-6.089887640449438,6.089887640449438
Dummy Regressor,18,Knot_Tying_E004,Knot Tying,E,18,15.910112359550562,-2.0898876404494384,2.0898876404494384
Dummy Regressor,19,Knot_Tying_E005,Knot Tying,E,21,15.910112359550562,-5.089887640449438,5.089887640449438
Dummy Regressor,20,Knot_Tying_F001,Knot Tying,F,16,15.566666666666666,-0.43333333333333357,0.43333333333333357
Dummy Regressor,21,Knot_Tying_F002,Knot Tying,F,20,15.566666666666666,-4.433333333333334,4.433333333333334
Dummy Regressor,22,Knot_Tying_F003,Knot Tying,F,10,15.566666666666666,5.566666666666666,5.566666666666666
Dummy Regressor,23,Knot_Tying_F004,Knot Tying,F,10,15.566666666666666,5.566666666666666,5.566666666666666
Dummy Regressor,24,Knot_Tying_F005,Knot Tying,F,15,15.566666666666666,0.5666666666666664,0.5666666666666664
Dummy Regressor,25,Knot_Tying_G001,Knot Tying,G,9,16.451612903225808,7.451612903225808,7.451612903225808
Dummy Regressor,26,Knot_Tying_G002,Knot Tying,G,11,16.451612903225808,5.451612903225808,5.451612903225808
Dummy Regressor,27,Knot_Tying_G003,Knot Tying,G,10,16.451612903225808,6.451612903225808,6.451612903225808
Dummy Regressor,28,Knot_Tying_G004,Knot Tying,G,6,16.451612903225808,10.451612903225808,10.451612903225808
Dummy Regressor,29,Knot_Tying_G005,Knot Tying,G,11,16.451612903225808,5.451612903225808,5.451612903225808
Dummy Regressor,30,Knot_Tying_H003,Knot Tying,H,12,15.849462365591398,3.849462365591398,3.849462365591398
Dummy Regressor,31,Knot_Tying_H004,Knot Tying,H,22,15.849462365591398,-6.150537634408602,6.150537634408602
Dummy Regressor,32,Knot_Tying_H005,Knot Tying,H,18,15.849462365591398,-2.150537634408602,2.150537634408602
Dummy Regressor,33,Knot_Tying_I001,Knot Tying,I,9,16.31111111111111,7.31111111111111,7.31111111111111
Dummy Regressor,34,Knot_Tying_I002,Knot Tying,I,8,16.31111111111111,8.31111111111111,8.31111111111111
Dummy Regressor,35,Knot_Tying_I003,Knot Tying,I,8,16.31111111111111,8.31111111111111,8.31111111111111
Dummy Regressor,36,Knot_Tying_I005,Knot Tying,I,6,16.31111111111111,10.31111111111111,10.31111111111111
Dummy Regressor,37,Needle_Passing_B001,Needle Passing,B,8,16.766666666666666,8.766666666666666,8.766666666666666
Dummy Regressor,38,Needle_Passing_B002,Needle Passing,B,8,16.766666666666666,8.766666666666666,8.766666666666666
Dummy Regressor,39,Needle_Passing_B003,Needle Passing,B,14,16.766666666666666,2.7666666666666657,2.7666666666666657
Dummy Regressor,40,Needle_Passing_B004,Needle Passing,B,19,16.766666666666666,-2.2333333333333343,2.2333333333333343
Dummy Regressor,41,Needle_Passing_C001,Needle Passing,C,11,15.852272727272727,4.852272727272727,4.852272727272727
Dummy Regressor,42,Needle_Passing_C002,Needle Passing,C,9,15.852272727272727,6.852272727272727,6.852272727272727
Dummy Regressor,43,Needle_Passing_C003,Needle Passing,C,7,15.852272727272727,8.852272727272727,8.852272727272727
Dummy Regressor,44,Needle_Passing_C004,Needle Passing,C,12,15.852272727272727,3.8522727272727266,3.8522727272727266
Dummy Regressor,45,Needle_Passing_C005,Needle Passing,C,12,15.852272727272727,3.8522727272727266,3.8522727272727266
Dummy Regressor,46,Needle_Passing_D001,Needle Passing,D,9,16.613636363636363,7.613636363636363,7.613636363636363
Dummy Regressor,47,Needle_Passing_D002,Needle Passing,D,11,16.613636363636363,5.613636363636363,5.613636363636363
Dummy Regressor,48,Needle_Passing_D003,Needle Passing,D,10,16.613636363636363,6.613636363636363,6.613636363636363
Dummy Regressor,49,Needle_Passing_D004,Needle Passing,D,12,16.613636363636363,4.613636363636363,4.613636363636363
Dummy Regressor,50,Needle_Passing_D005,Needle Passing,D,13,16.613636363636363,3.6136363636363633,3.6136363636363633
Dummy Regressor,51,Needle_Passing_E001,Needle Passing,E,13,15.910112359550562,2.9101123595505616,2.9101123595505616
Dummy Regressor,52,Needle_Passing_E003,Needle Passing,E,13,15.910112359550562,2.9101123595505616,2.9101123595505616
Dummy Regressor,53,Needle_Passing_E004,Needle Passing,E,14,15.910112359550562,1.9101123595505616,1.9101123595505616
Dummy Regressor,54,Needle_Passing_E005,Needle Passing,E,17,15.910112359550562,-1.0898876404494384,1.0898876404494384
Dummy Regressor,55,Needle_Passing_F001,Needle Passing,F,22,15.566666666666666,-6.433333333333334,6.433333333333334
Dummy Regressor,56,Needle_Passing_F003,Needle Passing,F,15,15.566666666666666,0.5666666666666664,0.5666666666666664
Dummy Regressor,57,Needle_Passing_F004,Needle Passing,F,24,15.566666666666666,-8.433333333333334,8.433333333333334
Dummy Regressor,58,Needle_Passing_H002,Needle Passing,H,19,15.849462365591398,-3.150537634408602,3.150537634408602
Dummy Regressor,59,Needle_Passing_H004,Needle Passing,H,20,15.849462365591398,-4.150537634408602,4.150537634408602
Dummy Regressor,60,Needle_Passing_H005,Needle Passing,H,21,15.849462365591398,-5.150537634408602,5.150537634408602
Dummy Regressor,61,Needle_Passing_I002,Needle Passing,I,12,16.31111111111111,4.31111111111111,4.31111111111111
Dummy Regressor,62,Needle_Passing_I003,Needle Passing,I,14,16.31111111111111,2.31111111111111,2.31111111111111
Dummy Regressor,63,Needle_Passing_I004,Needle Passing,I,18,16.31111111111111,-1.68888888888889,1.68888888888889
Dummy Regressor,64,Needle_Passing_I005,Needle Passing,I,23,16.31111111111111,-6.68888888888889,6.68888888888889
Dummy Regressor,65,Suturing_B001,Suturing,B,13,16.766666666666666,3.7666666666666657,3.7666666666666657
Dummy Regressor,66,Suturing_B002,Suturing,B,17,16.766666666666666,-0.23333333333333428,0.23333333333333428
Dummy Regressor,67,Suturing_B003,Suturing,B,14,16.766666666666666,2.7666666666666657,2.7666666666666657
Dummy Regressor,68,Suturing_B004,Suturing,B,10,16.766666666666666,6.766666666666666,6.766666666666666
Dummy Regressor,69,Suturing_B005,Suturing,B,12,16.766666666666666,4.766666666666666,4.766666666666666
Dummy Regressor,70,Suturing_C001,Suturing,C,26,15.852272727272727,-10.147727272727273,10.147727272727273
Dummy Regressor,71,Suturing_C002,Suturing,C,20,15.852272727272727,-4.147727272727273,4.147727272727273
Dummy Regressor,72,Suturing_C003,Suturing,C,26,15.852272727272727,-10.147727272727273,10.147727272727273
Dummy Regressor,73,Suturing_C004,Suturing,C,30,15.852272727272727,-14.147727272727273,14.147727272727273
Dummy Regressor,74,Suturing_C005,Suturing,C,17,15.852272727272727,-1.1477272727272734,1.1477272727272734
Dummy Regressor,75,Suturing_D001,Suturing,D,14,16.613636363636363,2.6136363636363633,2.6136363636363633
Dummy Regressor,76,Suturing_D002,Suturing,D,18,16.613636363636363,-1.3863636363636367,1.3863636363636367
Dummy Regressor,77,Suturing_D003,Suturing,D,14,16.613636363636363,2.6136363636363633,2.6136363636363633
Dummy Regressor,78,Suturing_D004,Suturing,D,8,16.613636363636363,8.613636363636363,8.613636363636363
Dummy Regressor,79,Suturing_D005,Suturing,D,15,16.613636363636363,1.6136363636363633,1.6136363636363633
Dummy Regressor,80,Suturing_E001,Suturing,E,17,15.910112359550562,-1.0898876404494384,1.0898876404494384
Dummy Regressor,81,Suturing_E002,Suturing,E,20,15.910112359550562,-4.089887640449438,4.089887640449438
Dummy Regressor,82,Suturing_E003,Suturing,E,19,15.910112359550562,-3.0898876404494384,3.0898876404494384
Dummy Regressor,83,Suturing_E004,Suturing,E,19,15.910112359550562,-3.0898876404494384,3.0898876404494384
Dummy Regressor,84,Suturing_E005,Suturing,E,19,15.910112359550562,-3.0898876404494384,3.0898876404494384
Dummy Regressor,85,Suturing_F001,Suturing,F,24,15.566666666666666,-8.433333333333334,8.433333333333334
Dummy Regressor,86,Suturing_F002,Suturing,F,26,15.566666666666666,-10.433333333333334,10.433333333333334
Dummy Regressor,87,Suturing_F003,Suturing,F,29,15.566666666666666,-13.433333333333334,13.433333333333334
Dummy Regressor,88,Suturing_F004,Suturing,F,24,15.566666666666666,-8.433333333333334,8.433333333333334
Dummy Regressor,89,Suturing_F005,Suturing,F,29,15.566666666666666,-13.433333333333334,13.433333333333334
Dummy Regressor,90,Suturing_G001,Suturing,G,13,16.451612903225808,3.451612903225808,3.451612903225808
Dummy Regressor,91,Suturing_G002,Suturing,G,18,16.451612903225808,-1.5483870967741922,1.5483870967741922
Dummy Regressor,92,Suturing_G003,Suturing,G,13,16.451612903225808,3.451612903225808,3.451612903225808
Dummy Regressor,93,Suturing_G004,Suturing,G,21,16.451612903225808,-4.548387096774192,4.548387096774192
Dummy Regressor,94,Suturing_G005,Suturing,G,23,16.451612903225808,-6.548387096774192,6.548387096774192
Dummy Regressor,95,Suturing_H001,Suturing,H,14,15.849462365591398,1.849462365591398,1.849462365591398
Dummy Regressor,96,Suturing_H003,Suturing,H,25,15.849462365591398,-9.150537634408602,9.150537634408602
Dummy Regressor,97,Suturing_H004,Suturing,H,19,15.849462365591398,-3.150537634408602,3.150537634408602
Dummy Regressor,98,Suturing_H005,Suturing,H,21,15.849462365591398,-5.150537634408602,5.150537634408602
Dummy Regressor,99,Suturing_I001,Suturing,I,17,16.31111111111111,-0.68888888888889,0.68888888888889
Dummy Regressor,100,Suturing_I002,Suturing,I,23,16.31111111111111,-6.68888888888889,6.68888888888889
Dummy Regressor,101,Suturing_I003,Suturing,I,17,16.31111111111111,-0.68888888888889,0.68888888888889
Dummy Regressor,102,Suturing_I004,Suturing,I,23,16.31111111111111,-6.68888888888889,6.68888888888889
Dummy Regressor,103,Suturing_I005,Suturing,I,19,16.31111111111111,-2.68888888888889,2.68888888888889
Ridge Regression,1,Knot_Tying_B001,Knot Tying,B,13,7.922225405622866,-5.077774594377134,5.077774594377134
Ridge Regression,2,Knot_Tying_B002,Knot Tying,B,9,12.513285336484671,3.513285336484671,3.513285336484671
Ridge Regression,3,Knot_Tying_B003,Knot Tying,B,11,11.68737260259976,0.6873726025997602,0.6873726025997602
Ridge Regression,4,Knot_Tying_B004,Knot Tying,B,8,13.030485062006422,5.030485062006422,5.030485062006422
Ridge Regression,5,Knot_Tying_C001,Knot Tying,C,20,23.526389080511315,3.526389080511315,3.526389080511315
Ridge Regression,6,Knot_Tying_C002,Knot Tying,C,22,29.19878080186431,7.198780801864309,7.198780801864309
Ridge Regression,7,Knot_Tying_C003,Knot Tying,C,18,26.0790418789925,8.079041878992498,8.079041878992498
Ridge Regression,8,Knot_Tying_C004,Knot Tying,C,20,26.822525160277273,6.822525160277273,6.822525160277273
Ridge Regression,9,Knot_Tying_C005,Knot Tying,C,20,20.045320845916184,0.04532084591618357,0.04532084591618357
Ridge Regression,10,Knot_Tying_D001,Knot Tying,D,14,16.263346007380807,2.2633460073808074,2.2633460073808074
Ridge Regression,11,Knot_Tying_D002,Knot Tying,D,16,23.314275078370077,7.314275078370077,7.314275078370077
Ridge Regression,12,Knot_Tying_D003,Knot Tying,D,12,22.627241342122016,10.627241342122016,10.627241342122016
Ridge Regression,13,Knot_Tying_D004,Knot Tying,D,19,20.213973504369186,1.2139735043691857,1.2139735043691857
Ridge Regression,14,Knot_Tying_D005,Knot Tying,D,18,20.29490034973842,2.2949003497384197,2.2949003497384197
Ridge Regression,15,Knot_Tying_E001,Knot Tying,E,18,12.973136809934056,-5.026863190065944,5.026863190065944
Ridge Regression,16,Knot_Tying_E002,Knot Tying,E,19,14.025798792963162,-4.974201207036838,4.974201207036838
Ridge Regression,17,Knot_Tying_E003,Knot Tying,E,22,12.704029757024173,-9.295970242975827,9.295970242975827
Ridge Regression,18,Knot_Tying_E004,Knot Tying,E,18,13.02748177474584,-4.972518225254159,4.972518225254159
Ridge Regression,19,Knot_Tying_E005,Knot Tying,E,21,13.021184407899721,-7.978815592100279,7.978815592100279
Ridge Regression,20,Knot_Tying_F001,Knot Tying,F,16,11.65712147579557,-4.34287852420443,4.34287852420443
Ridge Regression,21,Knot_Tying_F002,Knot Tying,F,20,20.057007753825822,0.057007753825821794,0.057007753825821794
Ridge Regression,22,Knot_Tying_F003,Knot Tying,F,10,15.960599766660136,5.9605997666601365,5.9605997666601365
Ridge Regression,23,Knot_Tying_F004,Knot Tying,F,10,13.889080157488106,3.889080157488106,3.889080157488106
Ridge Regression,24,Knot_Tying_F005,Knot Tying,F,15,13.891504570275822,-1.1084954297241776,1.1084954297241776
Ridge Regression,25,Knot_Tying_G001,Knot Tying,G,9,19.020458016084145,10.020458016084145,10.020458016084145
Ridge Regression,26,Knot_Tying_G002,Knot Tying,G,11,12.905503807560217,1.9055038075602173,1.9055038075602173
Ridge Regression,27,Knot_Tying_G003,Knot Tying,G,10,18.83456369718537,8.83456369718537,8.83456369718537
Ridge Regression,28,Knot_Tying_G004,Knot Tying,G,6,11.339230236964726,5.339230236964726,5.339230236964726
Ridge Regression,29,Knot_Tying_G005,Knot Tying,G,11,16.466425555262838,5.466425555262838,5.466425555262838
Ridge Regression,30,Knot_Tying_H003,Knot Tying,H,12,10.169291714704025,-1.8307082852959748,1.8307082852959748
Ridge Regression,31,Knot_Tying_H004,Knot Tying,H,22,18.040419187959873,-3.9595808120401266,3.9595808120401266
Ridge Regression,32,Knot_Tying_H005,Knot Tying,H,18,11.006340090188907,-6.993659909811093,6.993659909811093
Ridge Regression,33,Knot_Tying_I001,Knot Tying,I,9,13.595236899390972,4.595236899390972,4.595236899390972
Ridge Regression,34,Knot_Tying_I002,Knot Tying,I,8,11.632570956805932,3.6325709568059317,3.6325709568059317
Ridge Regression,35,Knot_Tying_I003,Knot Tying,I,8,16.973255926566768,8.973255926566768,8.973255926566768
Ridge Regression,36,Knot_Tying_I005,Knot Tying,I,6,12.276383610028766,6.276383610028766,6.276383610028766
Ridge Regression,37,Needle_Passing_B001,Needle Passing,B,8,12.901575494754695,4.901575494754695,4.901575494754695
Ridge Regression,38,Needle_Passing_B002,Needle Passing,B,8,15.959373590818075,7.959373590818075,7.959373590818075
Ridge Regression,39,Needle_Passing_B003,Needle Passing,B,14,14.836444185279243,0.8364441852792428,0.8364441852792428
Ridge Regression,40,Needle_Passing_B004,Needle Passing,B,19,14.691589612435072,-4.308410387564928,4.308410387564928
Ridge Regression,41,Needle_Passing_C001,Needle Passing,C,11,22.487046601879335,11.487046601879335,11.487046601879335
Ridge Regression,42,Needle_Passing_C002,Needle Passing,C,9,22.941781417843586,13.941781417843586,13.941781417843586
Ridge Regression,43,Needle_Passing_C003,Needle Passing,C,7,23.709892743341747,16.709892743341747,16.709892743341747
Ridge Regression,44,Needle_Passing_C004,Needle Passing,C,12,28.3457833825708,16.3457833825708,16.3457833825708
Ridge Regression,45,Needle_Passing_C005,Needle Passing,C,12,28.248288543079063,16.248288543079063,16.248288543079063
Ridge Regression,46,Needle_Passing_D001,Needle Passing,D,9,11.544571711479506,2.544571711479506,2.544571711479506
Ridge Regression,47,Needle_Passing_D002,Needle Passing,D,11,13.320498453900836,2.3204984539008358,2.3204984539008358
Ridge Regression,48,Needle_Passing_D003,Needle Passing,D,10,12.136556914468912,2.136556914468912,2.136556914468912
Ridge Regression,49,Needle_Passing_D004,Needle Passing,D,12,14.1510582766898,2.1510582766898008,2.1510582766898008
Ridge Regression,50,Needle_Passing_D005,Needle Passing,D,13,15.667335905412557,2.667335905412557,2.667335905412557
Ridge Regression,51,Needle_Passing_E001,Needle Passing,E,13,10.867282317525927,-2.1327176824740732,2.1327176824740732
Ridge Regression,52,Needle_Passing_E003,Needle Passing,E,13,13.74422544304552,0.7442254430455204,0.7442254430455204
Ridge Regression,53,Needle_Passing_E004,Needle Passing,E,14,14.916746932991664,0.9167469329916642,0.9167469329916642
Ridge Regression,54,Needle_Passing_E005,Needle Passing,E,17,17.970494647648163,0.9704946476481631,0.9704946476481631
Ridge Regression,55,Needle_Passing_F001,Needle Passing,F,22,13.92985680547664,-8.07014319452336,8.07014319452336
Ridge Regression,56,Needle_Passing_F003,Needle Passing,F,15,18.683121440066735,3.683121440066735,3.683121440066735
Ridge Regression,57,Needle_Passing_F004,Needle Passing,F,24,12.63777809348912,-11.36222190651088,11.36222190651088
Ridge Regression,58,Needle_Passing_H002,Needle Passing,H,19,9.645570938848913,-9.354429061151087,9.354429061151087
Ridge Regression,59,Needle_Passing_H004,Needle Passing,H,20,14.325133097574543,-5.674866902425457,5.674866902425457
Ridge Regression,60,Needle_Passing_H005,Needle Passing,H,21,14.808221866032998,-6.191778133967002,6.191778133967002
Ridge Regression,61,Needle_Passing_I002,Needle Passing,I,12,7.534698681421764,-4.465301318578236,4.465301318578236
Ridge Regression,62,Needle_Passing_I003,Needle Passing,I,14,10.553790337685028,-3.4462096623149723,3.4462096623149723
Ridge Regression,63,Needle_Passing_I004,Needle Passing,I,18,11.127102864323671,-6.872897135676329,6.872897135676329
Ridge Regression,64,Needle_Passing_I005,Needle Passing,I,23,12.2124769507702,-10.7875230492298,10.7875230492298
Ridge Regression,65,Suturing_B001,Suturing,B,13,5.732142672132287,-7.267857327867713,7.267857327867713
Ridge Regression,66,Suturing_B002,Suturing,B,17,12.623979637026856,-4.376020362973144,4.376020362973144
Ridge Regression,67,Suturing_B003,Suturing,B,14,17.11159992023217,3.1115999202321696,3.1115999202321696
Ridge Regression,68,Suturing_B004,Suturing,B,10,13.476362536996007,3.4763625369960067,3.4763625369960067
Ridge Regression,69,Suturing_B005,Suturing,B,12,13.774384932086058,1.7743849320860576,1.7743849320860576
Ridge Regression,70,Suturing_C001,Suturing,C,26,27.843046412953207,1.843046412953207,1.843046412953207
Ridge Regression,71,Suturing_C002,Suturing,C,20,25.149527681661894,5.149527681661894,5.149527681661894
Ridge Regression,72,Suturing_C003,Suturing,C,26,24.395994413495032,-1.604005586504968,1.604005586504968
Ridge Regression,73,Suturing_C004,Suturing,C,30,33.5326589884174,3.5326589884174027,3.5326589884174027
Ridge Regression,74,Suturing_C005,Suturing,C,17,27.892175577490043,10.892175577490043,10.892175577490043
Ridge Regression,75,Suturing_D001,Suturing,D,14,17.966061303164356,3.9660613031643557,3.9660613031643557
Ridge Regression,76,Suturing_D002,Suturing,D,18,18.45362838135485,0.45362838135485006,0.45362838135485006
Ridge Regression,77,Suturing_D003,Suturing,D,14,18.84381656142255,4.84381656142255,4.84381656142255
Ridge Regression,78,Suturing_D004,Suturing,D,8,23.157858572461237,15.157858572461237,15.157858572461237
Ridge Regression,79,Suturing_D005,Suturing,D,15,20.174303792617188,5.174303792617188,5.174303792617188
Ridge Regression,80,Suturing_E001,Suturing,E,17,16.6049741267471,-0.3950258732529015,0.3950258732529015
Ridge Regression,81,Suturing_E002,Suturing,E,20,14.711392425277653,-5.288607574722347,5.288607574722347
Ridge Regression,82,Suturing_E003,Suturing,E,19,14.701023486077835,-4.298976513922165,4.298976513922165
Ridge Regression,83,Suturing_E004,Suturing,E,19,10.93750512876913,-8.06249487123087,8.06249487123087
Ridge Regression,84,Suturing_E005,Suturing,E,19,15.131690792181454,-3.8683092078185464,3.8683092078185464
Ridge Regression,85,Suturing_F001,Suturing,F,24,17.061404271350558,-6.938595728649442,6.938595728649442
Ridge Regression,86,Suturing_F002,Suturing,F,26,15.983813753503451,-10.016186246496549,10.016186246496549
Ridge Regression,87,Suturing_F003,Suturing,F,29,19.092400172523437,-9.907599827476563,9.907599827476563
Ridge Regression,88,Suturing_F004,Suturing,F,24,18.724825469098693,-5.275174530901307,5.275174530901307
Ridge Regression,89,Suturing_F005,Suturing,F,29,17.00649622464028,-11.99350377535972,11.99350377535972
Ridge Regression,90,Suturing_G001,Suturing,G,13,21.07357156062184,8.07357156062184,8.07357156062184
Ridge Regression,91,Suturing_G002,Suturing,G,18,23.062060775503152,5.062060775503152,5.062060775503152
Ridge Regression,92,Suturing_G003,Suturing,G,13,19.741543485551663,6.741543485551663,6.741543485551663
Ridge Regression,93,Suturing_G004,Suturing,G,21,23.329088703438295,2.3290887034382948,2.3290887034382948
Ridge Regression,94,Suturing_G005,Suturing,G,23,19.54777222816336,-3.4522277718366396,3.4522277718366396
Ridge Regression,95,Suturing_H001,Suturing,H,14,15.437549422848495,1.4375494228484946,1.4375494228484946
Ridge Regression,96,Suturing_H003,Suturing,H,25,14.685751674800947,-10.314248325199053,10.314248325199053
Ridge Regression,97,Suturing_H004,Suturing,H,19,12.51228176927423,-6.48771823072577,6.48771823072577
Ridge Regression,98,Suturing_H005,Suturing,H,21,14.58301138736971,-6.4169886126302895,6.4169886126302895
Ridge Regression,99,Suturing_I001,Suturing,I,17,13.085173163565313,-3.9148268364346865,3.9148268364346865
Ridge Regression,100,Suturing_I002,Suturing,I,23,12.113289646889644,-10.886710353110356,10.886710353110356
Ridge Regression,101,Suturing_I003,Suturing,I,17,12.531127696244376,-4.468872303755624,4.468872303755624
Ridge Regression,102,Suturing_I004,Suturing,I,23,13.637419583084712,-9.362580416915288,9.362580416915288
Ridge Regression,103,Suturing_I005,Suturing,I,19,19.270066186846464,0.27006618684646355,0.27006618684646355
Elastic Net,1,Knot_Tying_B001,Knot Tying,B,13,8.76048067450227,-4.23951932549773,4.23951932549773
Elastic Net,2,Knot_Tying_B002,Knot Tying,B,9,13.215932483036266,4.215932483036266,4.215932483036266
Elastic Net,3,Knot_Tying_B003,Knot Tying,B,11,13.241315852572109,2.241315852572109,2.241315852572109
Elastic Net,4,Knot_Tying_B004,Knot Tying,B,8,13.384864300725807,5.384864300725807,5.384864300725807
Elastic Net,5,Knot_Tying_C001,Knot Tying,C,20,24.225780282270925,4.225780282270925,4.225780282270925
Elastic Net,6,Knot_Tying_C002,Knot Tying,C,22,30.171658507416794,8.171658507416794,8.171658507416794
Elastic Net,7,Knot_Tying_C003,Knot Tying,C,18,28.349199717653768,10.349199717653768,10.349199717653768
Elastic Net,8,Knot_Tying_C004,Knot Tying,C,20,29.005379423734198,9.005379423734198,9.005379423734198
Elastic Net,9,Knot_Tying_C005,Knot Tying,C,20,24.08153259173241,4.081532591732412,4.081532591732412
Elastic Net,10,Knot_Tying_D001,Knot Tying,D,14,14.56802068119417,0.5680206811941702,0.5680206811941702
Elastic Net,11,Knot_Tying_D002,Knot Tying,D,16,19.085718914030682,3.085718914030682,3.085718914030682
Elastic Net,12,Knot_Tying_D003,Knot Tying,D,12,20.908000851704074,8.908000851704074,8.908000851704074
Elastic Net,13,Knot_Tying_D004,Knot Tying,D,19,17.584801478780385,-1.4151985212196152,1.4151985212196152
Elastic Net,14,Knot_Tying_D005,Knot Tying,D,18,17.928655527031065,-0.07134447296893498,0.07134447296893498
Elastic Net,15,Knot_Tying_E001,Knot Tying,E,18,13.99019502213645,-4.009804977863549,4.009804977863549
Elastic Net,16,Knot_Tying_E002,Knot Tying,E,19,14.161267252439343,-4.838732747560657,4.838732747560657
Elastic Net,17,Knot_Tying_E003,Knot Tying,E,22,14.023117835395702,-7.976882164604298,7.976882164604298
Elastic Net,18,Knot_Tying_E004,Knot Tying,E,18,13.453737210878533,-4.546262789121467,4.546262789121467
Elastic Net,19,Knot_Tying_E005,Knot Tying,E,21,13.356114605253474,-7.643885394746526,7.643885394746526
Elastic Net,20,Knot_Tying_F001,Knot Tying,F,16,11.676551610345316,-4.3234483896546845,4.3234483896546845
Elastic Net,21,Knot_Tying_F002,Knot Tying,F,20,17.22813456389368,-2.771865436106321,2.771865436106321
Elastic Net,22,Knot_Tying_F003,Knot Tying,F,10,15.993244943703631,5.9932449437036315,5.9932449437036315
Elastic Net,23,Knot_Tying_F004,Knot Tying,F,10,13.788074649307985,3.788074649307985,3.788074649307985
Elastic Net,24,Knot_Tying_F005,Knot Tying,F,15,14.603726915935127,-0.39627308406487316,0.39627308406487316
Elastic Net,25,Knot_Tying_G001,Knot Tying,G,9,19.253935760421513,10.253935760421513,10.253935760421513
Elastic Net,26,Knot_Tying_G002,Knot Tying,G,11,14.024733974579789,3.0247339745797888,3.0247339745797888
Elastic Net,27,Knot_Tying_G003,Knot Tying,G,10,19.033855803914502,9.033855803914502,9.033855803914502
Elastic Net,28,Knot_Tying_G004,Knot Tying,G,6,12.62676764388803,6.62676764388803,6.62676764388803
Elastic Net,29,Knot_Tying_G005,Knot Tying,G,11,17.057645231287836,6.057645231287836,6.057645231287836
Elastic Net,30,Knot_Tying_H003,Knot Tying,H,12,10.248966530117013,-1.7510334698829872,1.7510334698829872
Elastic Net,31,Knot_Tying_H004,Knot Tying,H,22,20.229501799232295,-1.7704982007677046,1.7704982007677046
Elastic Net,32,Knot_Tying_H005,Knot Tying,H,18,13.843187445155621,-4.156812554844379,4.156812554844379
Elastic Net,33,Knot_Tying_I001,Knot Tying,I,9,14.730221787003558,5.730221787003558,5.730221787003558
Elastic Net,34,Knot_Tying_I002,Knot Tying,I,8,13.413463054370036,5.413463054370036,5.413463054370036
Elastic Net,35,Knot_Tying_I003,Knot Tying,I,8,16.03884507500518,8.038845075005181,8.038845075005181
Elastic Net,36,Knot_Tying_I005,Knot Tying,I,6,14.00301905110486,8.00301905110486,8.00301905110486
Elastic Net,37,Needle_Passing_B001,Needle Passing,B,8,12.432162570003971,4.432162570003971,4.432162570003971
Elastic Net,38,Needle_Passing_B002,Needle Passing,B,8,14.212260661011259,6.212260661011259,6.212260661011259
Elastic Net,39,Needle_Passing_B003,Needle Passing,B,14,15.262151242628065,1.2621512426280646,1.2621512426280646
Elastic Net,40,Needle_Passing_B004,Needle Passing,B,19,15.235333197292453,-3.7646668027075467,3.7646668027075467
Elastic Net,41,Needle_Passing_C001,Needle Passing,C,11,21.249386501705494,10.249386501705494,10.249386501705494
Elastic Net,42,Needle_Passing_C002,Needle Passing,C,9,23.55566016060576,14.555660160605761,14.555660160605761
Elastic Net,43,Needle_Passing_C003,Needle Passing,C,7,24.822961423507206,17.822961423507206,17.822961423507206
Elastic Net,44,Needle_Passing_C004,Needle Passing,C,12,26.165110517341517,14.165110517341517,14.165110517341517
Elastic Net,45,Needle_Passing_C005,Needle Passing,C,12,25.76849382287265,13.76849382287265,13.76849382287265
Elastic Net,46,Needle_Passing_D001,Needle Passing,D,9,11.84659735142506,2.8465973514250607,2.8465973514250607
Elastic Net,47,Needle_Passing_D002,Needle Passing,D,11,13.814733650613539,2.8147336506135385,2.8147336506135385
Elastic Net,48,Needle_Passing_D003,Needle Passing,D,10,14.134650936873957,4.134650936873957,4.134650936873957
Elastic Net,49,Needle_Passing_D004,Needle Passing,D,12,14.031367822800236,2.0313678228002363,2.0313678228002363
Elastic Net,50,Needle_Passing_D005,Needle Passing,D,13,15.378468594907728,2.378468594907728,2.378468594907728
Elastic Net,51,Needle_Passing_E001,Needle Passing,E,13,12.821143596188092,-0.17885640381190804,0.17885640381190804
Elastic Net,52,Needle_Passing_E003,Needle Passing,E,13,14.776642301464127,1.7766423014641273,1.7766423014641273
Elastic Net,53,Needle_Passing_E004,Needle Passing,E,14,15.234059608615771,1.2340596086157714,1.2340596086157714
Elastic Net,54,Needle_Passing_E005,Needle Passing,E,17,17.53078303628435,0.5307830362843511,0.5307830362843511
Elastic Net,55,Needle_Passing_F001,Needle Passing,F,22,14.365786225406461,-7.634213774593539,7.634213774593539
Elastic Net,56,Needle_Passing_F003,Needle Passing,F,15,18.325914446582235,3.3259144465822352,3.3259144465822352
Elastic Net,57,Needle_Passing_F004,Needle Passing,F,24,14.900670201588428,-9.099329798411572,9.099329798411572
Elastic Net,58,Needle_Passing_H002,Needle Passing,H,19,11.748388600665315,-7.251611399334685,7.251611399334685
Elastic Net,59,Needle_Passing_H004,Needle Passing,H,20,13.936431690544726,-6.063568309455274,6.063568309455274
Elastic Net,60,Needle_Passing_H005,Needle Passing,H,21,14.931742316486282,-6.068257683513718,6.068257683513718
Elastic Net,61,Needle_Passing_I002,Needle Passing,I,12,9.926172856425943,-2.073827143574057,2.073827143574057
Elastic Net,62,Needle_Passing_I003,Needle Passing,I,14,11.61126891084221,-2.3887310891577904,2.3887310891577904
Elastic Net,63,Needle_Passing_I004,Needle Passing,I,18,12.33811933733175,-5.661880662668249,5.661880662668249
Elastic Net,64,Needle_Passing_I005,Needle Passing,I,23,13.665524253344966,-9.334475746655034,9.334475746655034
Elastic Net,65,Suturing_B001,Suturing,B,13,8.907671645446928,-4.0923283545530715,4.0923283545530715
Elastic Net,66,Suturing_B002,Suturing,B,17,13.172937223012447,-3.827062776987553,3.827062776987553
Elastic Net,67,Suturing_B003,Suturing,B,14,16.03162095501795,2.0316209550179494,2.0316209550179494
Elastic Net,68,Suturing_B004,Suturing,B,10,14.43060287703886,4.43060287703886,4.43060287703886
Elastic Net,69,Suturing_B005,Suturing,B,12,15.89763379085007,3.8976337908500707,3.8976337908500707
Elastic Net,70,Suturing_C001,Suturing,C,26,28.65058796677767,2.650587966777671,2.650587966777671
Elastic Net,71,Suturing_C002,Suturing,C,20,24.994159336446124,4.994159336446124,4.994159336446124
Elastic Net,72,Suturing_C003,Suturing,C,26,26.326765769386878,0.32676576938687774,0.32676576938687774
Elastic Net,73,Suturing_C004,Suturing,C,30,33.02488700019785,3.0248870001978503,3.0248870001978503
Elastic Net,74,Suturing_C005,Suturing,C,17,28.959755367270816,11.959755367270816,11.959755367270816
Elastic Net,75,Suturing_D001,Suturing,D,14,16.5419909630836,2.541990963083599,2.541990963083599
Elastic Net,76,Suturing_D002,Suturing,D,18,17.013744685430442,-0.9862553145695578,0.9862553145695578
Elastic Net,77,Suturing_D003,Suturing,D,14,17.70069833994007,3.7006983399400717,3.7006983399400717
Elastic Net,78,Suturing_D004,Suturing,D,8,20.87513293012129,12.87513293012129,12.87513293012129
Elastic Net,79,Suturing_D005,Suturing,D,15,17.94378954944062,2.94378954944062,2.94378954944062
Elastic Net,80,Suturing_E001,Suturing,E,17,15.927197485052682,-1.072802514947318,1.072802514947318
Elastic Net,81,Suturing_E002,Suturing,E,20,15.52363935294851,-4.476360647051489,4.476360647051489
Elastic Net,82,Suturing_E003,Suturing,E,19,15.733539214689095,-3.2664607853109047,3.2664607853109047
Elastic Net,83,Suturing_E004,Suturing,E,19,12.292450244002994,-6.707549755997006,6.707549755997006
Elastic Net,84,Suturing_E005,Suturing,E,19,15.553086605274933,-3.446913394725067,3.446913394725067
Elastic Net,85,Suturing_F001,Suturing,F,24,17.217213759413973,-6.782786240586027,6.782786240586027
Elastic Net,86,Suturing_F002,Suturing,F,26,17.961201481365364,-8.038798518634636,8.038798518634636
Elastic Net,87,Suturing_F003,Suturing,F,29,19.459610033146298,-9.540389966853702,9.540389966853702
Elastic Net,88,Suturing_F004,Suturing,F,24,18.732788884014383,-5.267211115985617,5.267211115985617
Elastic Net,89,Suturing_F005,Suturing,F,29,18.428089073691623,-10.571910926308377,10.571910926308377
Elastic Net,90,Suturing_G001,Suturing,G,13,16.770422406726357,3.7704224067263574,3.7704224067263574
Elastic Net,91,Suturing_G002,Suturing,G,18,21.819083715044815,3.8190837150448154,3.8190837150448154
Elastic Net,92,Suturing_G003,Suturing,G,13,17.723689867469727,4.7236898674697265,4.7236898674697265
Elastic Net,93,Suturing_G004,Suturing,G,21,22.28773571792616,1.2877357179261608,1.2877357179261608
Elastic Net,94,Suturing_G005,Suturing,G,23,20.14882516945199,-2.851174830548011,2.851174830548011
Elastic Net,95,Suturing_H001,Suturing,H,14,15.88842120116079,1.8884212011607904,1.8884212011607904
Elastic Net,96,Suturing_H003,Suturing,H,25,17.416044624097808,-7.5839553759021925,7.5839553759021925
Elastic Net,97,Suturing_H004,Suturing,H,19,13.26194355240742,-5.73805644759258,5.73805644759258
Elastic Net,98,Suturing_H005,Suturing,H,21,15.246855504767298,-5.753144495232702,5.753144495232702
Elastic Net,99,Suturing_I001,Suturing,I,17,14.95932768673257,-2.0406723132674305,2.0406723132674305
Elastic Net,100,Suturing_I002,Suturing,I,23,13.564202450987608,-9.435797549012392,9.435797549012392
Elastic Net,101,Suturing_I003,Suturing,I,17,13.835804036861669,-3.164195963138331,3.164195963138331
Elastic Net,102,Suturing_I004,Suturing,I,23,15.826491786432035,-7.173508213567965,7.173508213567965
Elastic Net,103,Suturing_I005,Suturing,I,19,19.58827569362197,0.58827569362197,0.58827569362197
Support Vector Regression,1,Knot_Tying_B001,Knot Tying,B,13,15.523944848768284,2.5239448487682843,2.5239448487682843
Support Vector Regression,2,Knot_Tying_B002,Knot Tying,B,9,16.414073891899505,7.4140738918995055,7.4140738918995055
Support Vector Regression,3,Knot_Tying_B003,Knot Tying,B,11,15.387068992287809,4.3870689922878086,4.3870689922878086
Support Vector Regression,4,Knot_Tying_B004,Knot Tying,B,8,17.656153846310694,9.656153846310694,9.656153846310694
Support Vector Regression,5,Knot_Tying_C001,Knot Tying,C,20,16.3159637758819,-3.684036224118099,3.684036224118099
Support Vector Regression,6,Knot_Tying_C002,Knot Tying,C,22,16.324009157599875,-5.675990842400125,5.675990842400125
Support Vector Regression,7,Knot_Tying_C003,Knot Tying,C,18,16.314981699290712,-1.685018300709288,1.685018300709288
Support Vector Regression,8,Knot_Tying_C004,Knot Tying,C,20,16.31396025754048,-3.6860397424595206,3.6860397424595206
Support Vector Regression,9,Knot_Tying_C005,Knot Tying,C,20,16.32087060645344,-3.6791293935465603,3.6791293935465603
Support Vector Regression,10,Knot_Tying_D001,Knot Tying,D,14,17.25600606473682,3.2560060647368196,3.2560060647368196
Support Vector Regression,11,Knot_Tying_D002,Knot Tying,D,16,18.573317489106756,2.5733174891067563,2.5733174891067563
Support Vector Regression,12,Knot_Tying_D003,Knot Tying,D,12,18.33705685564311,6.337056855643109,6.337056855643109
Support Vector Regression,13,Knot_Tying_D004,Knot Tying,D,19,18.06620656060682,-0.933793439393181,0.933793439393181
Support Vector Regression,14,Knot_Tying_D005,Knot Tying,D,18,17.73261655375358,-0.26738344624641996,0.26738344624641996
Support Vector Regression,15,Knot_Tying_E001,Knot Tying,E,18,14.62642707398517,-3.3735729260148304,3.3735729260148304
Support Vector Regression,16,Knot_Tying_E002,Knot Tying,E,19,13.644253202863295,-5.355746797136705,5.355746797136705
Support Vector Regression,17,Knot_Tying_E003,Knot Tying,E,22,14.333113186129783,-7.666886813870217,7.666886813870217
Support Vector Regression,18,Knot_Tying_E004,Knot Tying,E,18,14.889084555576781,-3.1109154444232185,3.1109154444232185
Support Vector Regression,19,Knot_Tying_E005,Knot Tying,E,21,13.487367337004002,-7.512632662995998,7.512632662995998
Support Vector Regression,20,Knot_Tying_F001,Knot Tying,F,16,15.270889608796127,-0.7291103912038732,0.7291103912038732
Support Vector Regression,21,Knot_Tying_F002,Knot Tying,F,20,16.270426549657152,-3.7295734503428477,3.7295734503428477
Support Vector Regression,22,Knot_Tying_F003,Knot Tying,F,10,16.050763521922253,6.050763521922253,6.050763521922253
Support Vector Regression,23,Knot_Tying_F004,Knot Tying,F,10,15.2808521191918,5.280852119191801,5.280852119191801
Support Vector Regression,24,Knot_Tying_F005,Knot Tying,F,15,14.870875490863087,-0.1291245091369131,0.1291245091369131
Support Vector Regression,25,Knot_Tying_G001,Knot Tying,G,9,17.060864247615225,8.060864247615225,8.060864247615225
Support Vector Regression,26,Knot_Tying_G002,Knot Tying,G,11,13.894772316945515,2.894772316945515,2.894772316945515
Support Vector Regression,27,Knot_Tying_G003,Knot Tying,G,10,17.282590983452526,7.2825909834525255,7.2825909834525255
Support Vector Regression,28,Knot_Tying_G004,Knot Tying,G,6,13.768187773795969,7.768187773795969,7.768187773795969
Support Vector Regression,29,Knot_Tying_G005,Knot Tying,G,11,15.921947666727625,4.921947666727625,4.921947666727625
Support Vector Regression,30,Knot_Tying_H003,Knot Tying,H,12,12.618775094286345,0.6187750942863453,0.6187750942863453
Support Vector Regression,31,Knot_Tying_H004,Knot Tying,H,22,17.554481653023526,-4.445518346976474,4.445518346976474
Support Vector Regression,32,Knot_Tying_H005,Knot Tying,H,18,13.62131946116666,-4.37868053883334,4.37868053883334
Support Vector Regression,33,Knot_Tying_I001,Knot Tying,I,9,15.270141898206038,6.270141898206038,6.270141898206038
Support Vector Regression,34,Knot_Tying_I002,Knot Tying,I,8,16.51837104549782,8.518371045497819,8.518371045497819
Support Vector Regression,35,Knot_Tying_I003,Knot Tying,I,8,14.53800792621977,6.53800792621977,6.53800792621977
Support Vector Regression,36,Knot_Tying_I005,Knot Tying,I,6,15.718581246277422,9.718581246277422,9.718581246277422
Support Vector Regression,37,Needle_Passing_B001,Needle Passing,B,8,15.518622432267591,7.518622432267591,7.518622432267591
Support Vector Regression,38,Needle_Passing_B002,Needle Passing,B,8,17.379149310072375,9.379149310072375,9.379149310072375
Support Vector Regression,39,Needle_Passing_B003,Needle Passing,B,14,16.709002189332725,2.7090021893327254,2.7090021893327254
Support Vector Regression,40,Needle_Passing_B004,Needle Passing,B,19,17.616688844340867,-1.3833111556591327,1.3833111556591327
Support Vector Regression,41,Needle_Passing_C001,Needle Passing,C,11,16.918542225742073,5.918542225742073,5.918542225742073
Support Vector Regression,42,Needle_Passing_C002,Needle Passing,C,9,16.337381497753356,7.337381497753356,7.337381497753356
Support Vector Regression,43,Needle_Passing_C003,Needle Passing,C,7,16.698110480165823,9.698110480165823,9.698110480165823
Support Vector Regression,44,Needle_Passing_C004,Needle Passing,C,12,16.47684631905879,4.47684631905879,4.47684631905879
Support Vector Regression,45,Needle_Passing_C005,Needle Passing,C,12,17.232364512906535,5.2323645129065355,5.2323645129065355
Support Vector Regression,46,Needle_Passing_D001,Needle Passing,D,9,14.475493635095264,5.475493635095264,5.475493635095264
Support Vector Regression,47,Needle_Passing_D002,Needle Passing,D,11,15.201210399226182,4.2012103992261824,4.2012103992261824
Support Vector Regression,48,Needle_Passing_D003,Needle Passing,D,10,18.155835065647583,8.155835065647583,8.155835065647583
Support Vector Regression,49,Needle_Passing_D004,Needle Passing,D,12,15.36542187607528,3.3654218760752794,3.3654218760752794
Support Vector Regression,50,Needle_Passing_D005,Needle Passing,D,13,15.729585461917885,2.7295854619178854,2.7295854619178854
Support Vector Regression,51,Needle_Passing_E001,Needle Passing,E,13,12.788851996919256,-0.21114800308074422,0.21114800308074422
Support Vector Regression,52,Needle_Passing_E003,Needle Passing,E,13,13.942661812402255,0.942661812402255,0.942661812402255
Support Vector Regression,53,Needle_Passing_E004,Needle Passing,E,14,13.993730627491146,-0.006269372508853621,0.006269372508853621
Support Vector Regression,54,Needle_Passing_E005,Needle Passing,E,17,14.938984234503554,-2.061015765496446,2.061015765496446
Support Vector Regression,55,Needle_Passing_F001,Needle Passing,F,22,14.433551357255096,-7.566448642744904,7.566448642744904
Support Vector Regression,56,Needle_Passing_F003,Needle Passing,F,15,15.685010764591809,0.6850107645918087,0.6850107645918087
Support Vector Regression,57,Needle_Passing_F004,Needle Passing,F,24,15.140368933827892,-8.859631066172108,8.859631066172108
Support Vector Regression,58,Needle_Passing_H002,Needle Passing,H,19,14.102026506869066,-4.897973493130934,4.897973493130934
Support Vector Regression,59,Needle_Passing_H004,Needle Passing,H,20,15.310622165786718,-4.689377834213282,4.689377834213282
Support Vector Regression,60,Needle_Passing_H005,Needle Passing,H,21,14.775685470825634,-6.224314529174366,6.224314529174366
Support Vector Regression,61,Needle_Passing_I002,Needle Passing,I,12,13.64102342327719,1.6410234232771899,1.6410234232771899
Support Vector Regression,62,Needle_Passing_I003,Needle Passing,I,14,13.763779883748034,-0.2362201162519657,0.2362201162519657
Support Vector Regression,63,Needle_Passing_I004,Needle Passing,I,18,14.504363436217947,-3.4956365637820532,3.4956365637820532
Support Vector Regression,64,Needle_Passing_I005,Needle Passing,I,23,15.244763174137058,-7.7552368258629425,7.7552368258629425
Support Vector Regression,65,Suturing_B001,Suturing,B,13,15.270182432788978,2.270182432788978,2.270182432788978
Support Vector Regression,66,Suturing_B002,Suturing,B,17,16.43745626790264,-0.5625437320973603,0.5625437320973603
Support Vector Regression,67,Suturing_B003,Suturing,B,14,17.3811929700823,3.3811929700822994,3.3811929700822994
Support Vector Regression,68,Suturing_B004,Suturing,B,10,17.261240865070445,7.2612408650704445,7.2612408650704445
Support Vector Regression,69,Suturing_B005,Suturing,B,12,18.266918017003285,6.2669180170032845,6.2669180170032845
Support Vector Regression,70,Suturing_C001,Suturing,C,26,16.37855661271569,-9.621443387284309,9.621443387284309
Support Vector Regression,71,Suturing_C002,Suturing,C,20,16.463278310900172,-3.536721689099828,3.536721689099828
Support Vector Regression,72,Suturing_C003,Suturing,C,26,17.04778944244145,-8.952210557558551,8.952210557558551
Support Vector Regression,73,Suturing_C004,Suturing,C,30,16.407116235721748,-13.592883764278252,13.592883764278252
Support Vector Regression,74,Suturing_C005,Suturing,C,17,16.424936475666552,-0.5750635243334479,0.5750635243334479
Support Vector Regression,75,Suturing_D001,Suturing,D,14,17.261830227898145,3.2618302278981446,3.2618302278981446
Support Vector Regression,76,Suturing_D002,Suturing,D,18,17.60317355659666,-0.3968264434033415,0.3968264434033415
Support Vector Regression,77,Suturing_D003,Suturing,D,14,18.57356831787389,4.573568317873889,4.573568317873889
Support Vector Regression,78,Suturing_D004,Suturing,D,8,19.165662530242628,11.165662530242628,11.165662530242628
Support Vector Regression,79,Suturing_D005,Suturing,D,15,17.446799856667653,2.4467998566676528,2.4467998566676528
Support Vector Regression,80,Suturing_E001,Suturing,E,17,15.510608705135052,-1.489391294864948,1.489391294864948
Support Vector Regression,81,Suturing_E002,Suturing,E,20,14.547855802983626,-5.4521441970163735,5.4521441970163735
Support Vector Regression,82,Suturing_E003,Suturing,E,19,14.12292379515848,-4.87707620484152,4.87707620484152
Support Vector Regression,83,Suturing_E004,Suturing,E,19,12.950826074043269,-6.049173925956731,6.049173925956731
Support Vector Regression,84,Suturing_E005,Suturing,E,19,15.044036931265078,-3.9559630687349223,3.9559630687349223
Support Vector Regression,85,Suturing_F001,Suturing,F,24,16.237708228440823,-7.762291771559177,7.762291771559177
Support Vector Regression,86,Suturing_F002,Suturing,F,26,15.688709438882992,-10.311290561117008,10.311290561117008
Support Vector Regression,87,Suturing_F003,Suturing,F,29,16.08928116140574,-12.91071883859426,12.91071883859426
Support Vector Regression,88,Suturing_F004,Suturing,F,24,15.493657922641678,-8.506342077358322,8.506342077358322
Support Vector Regression,89,Suturing_F005,Suturing,F,29,16.007589719619926,-12.992410280380074,12.992410280380074
Support Vector Regression,90,Suturing_G001,Suturing,G,13,16.953339811366984,3.953339811366984,3.953339811366984
Support Vector Regression,91,Suturing_G002,Suturing,G,18,17.71153068426376,-0.2884693157362399,0.2884693157362399
Support Vector Regression,92,Suturing_G003,Suturing,G,13,16.09771485729934,3.0977148572993407,3.0977148572993407
Support Vector Regression,93,Suturing_G004,Suturing,G,21,18.10644824318637,-2.893551756813629,2.893551756813629
Support Vector Regression,94,Suturing_G005,Suturing,G,23,17.458700373795594,-5.541299626204406,5.541299626204406
Support Vector Regression,95,Suturing_H001,Suturing,H,14,16.12015970205914,2.1201597020591407,2.1201597020591407
Support Vector Regression,96,Suturing_H003,Suturing,H,25,16.13856649227959,-8.86143350772041,8.86143350772041
Support Vector Regression,97,Suturing_H004,Suturing,H,19,14.521795481900904,-4.478204518099096,4.478204518099096
Support Vector Regression,98,Suturing_H005,Suturing,H,21,14.830360905637068,-6.169639094362932,6.169639094362932
Support Vector Regression,99,Suturing_I001,Suturing,I,17,15.045851166142434,-1.954148833857566,1.954148833857566
Support Vector Regression,100,Suturing_I002,Suturing,I,23,14.721853834961209,-8.278146165038791,8.278146165038791
Support Vector Regression,101,Suturing_I003,Suturing,I,17,14.449255591252227,-2.5507444087477733,2.5507444087477733
Support Vector Regression,102,Suturing_I004,Suturing,I,23,16.868952105039558,-6.131047894960442,6.131047894960442
Support Vector Regression,103,Suturing_I005,Suturing,I,19,16.081124263311587,-2.9188757366884133,2.9188757366884133
Random Forest,1,Knot_Tying_B001,Knot Tying,B,13,13.462,0.46199999999999974,0.46199999999999974
Random Forest,2,Knot_Tying_B002,Knot Tying,B,9,13.322,4.321999999999999,4.321999999999999
Random Forest,3,Knot_Tying_B003,Knot Tying,B,11,12.958,1.9580000000000002,1.9580000000000002
Random Forest,4,Knot_Tying_B004,Knot Tying,B,8,14.576,6.5760000000000005,6.5760000000000005
Random Forest,5,Knot_Tying_C001,Knot Tying,C,20,19.902,-0.09799999999999898,0.09799999999999898
Random Forest,6,Knot_Tying_C002,Knot Tying,C,22,24.256,2.2560000000000002,2.2560000000000002
Random Forest,7,Knot_Tying_C003,Knot Tying,C,18,23.548,5.547999999999998,5.547999999999998
Random Forest,8,Knot_Tying_C004,Knot Tying,C,20,22.17,2.1700000000000017,2.1700000000000017
Random Forest,9,Knot_Tying_C005,Knot Tying,C,20,19.492,-0.5079999999999991,0.5079999999999991
Random Forest,10,Knot_Tying_D001,Knot Tying,D,14,16.282,2.282,2.282
Random Forest,11,Knot_Tying_D002,Knot Tying,D,16,17.806,1.806000000000001,1.806000000000001
Random Forest,12,Knot_Tying_D003,Knot Tying,D,12,19.076,7.0760000000000005,7.0760000000000005
Random Forest,13,Knot_Tying_D004,Knot Tying,D,19,16.19,-2.8099999999999987,2.8099999999999987
Random Forest,14,Knot_Tying_D005,Knot Tying,D,18,17.974,-0.0259999999999998,0.0259999999999998
Random Forest,15,Knot_Tying_E001,Knot Tying,E,18,12.374,-5.6259999999999994,5.6259999999999994
Random Forest,16,Knot_Tying_E002,Knot Tying,E,19,11.96,-7.039999999999999,7.039999999999999
Random Forest,17,Knot_Tying_E003,Knot Tying,E,22,14.392,-7.6080000000000005,7.6080000000000005
Random Forest,18,Knot_Tying_E004,Knot Tying,E,18,14.442,-3.558,3.558
Random Forest,19,Knot_Tying_E005,Knot Tying,E,21,12.562,-8.438,8.438
Random Forest,20,Knot_Tying_F001,Knot Tying,F,16,15.928,-0.07199999999999918,0.07199999999999918
Random Forest,21,Knot_Tying_F002,Knot Tying,F,20,19.094,-0.9059999999999988,0.9059999999999988
Random Forest,22,Knot_Tying_F003,Knot Tying,F,10,14.864,4.864000000000001,4.864000000000001
Random Forest,23,Knot_Tying_F004,Knot Tying,F,10,16.574,6.574000000000002,6.574000000000002
Random Forest,24,Knot_Tying_F005,Knot Tying,F,15,15.668,0.6679999999999993,0.6679999999999993
Random Forest,25,Knot_Tying_G001,Knot Tying,G,9,18.102,9.102,9.102
Random Forest,26,Knot_Tying_G002,Knot Tying,G,11,14.792,3.792,3.792
Random Forest,27,Knot_Tying_G003,Knot Tying,G,10,16.704,6.704000000000001,6.704000000000001
Random Forest,28,Knot_Tying_G004,Knot Tying,G,6,11.786,5.786,5.786
Random Forest,29,Knot_Tying_G005,Knot Tying,G,11,14.054,3.0540000000000003,3.0540000000000003
Random Forest,30,Knot_Tying_H003,Knot Tying,H,12,12.09,0.08999999999999986,0.08999999999999986
Random Forest,31,Knot_Tying_H004,Knot Tying,H,22,17.666,-4.334,4.334
Random Forest,32,Knot_Tying_H005,Knot Tying,H,18,14.042,-3.958,3.958
Random Forest,33,Knot_Tying_I001,Knot Tying,I,9,14.324,5.324,5.324
Random Forest,34,Knot_Tying_I002,Knot Tying,I,8,14.56,6.5600000000000005,6.5600000000000005
Random Forest,35,Knot_Tying_I003,Knot Tying,I,8,14.252,6.252000000000001,6.252000000000001
Random Forest,36,Knot_Tying_I005,Knot Tying,I,6,17.742,11.742,11.742
Random Forest,37,Needle_Passing_B001,Needle Passing,B,8,14.506,6.506,6.506
Random Forest,38,Needle_Passing_B002,Needle Passing,B,8,19.124,11.123999999999999,11.123999999999999
Random Forest,39,Needle_Passing_B003,Needle Passing,B,14,15.456,1.4559999999999995,1.4559999999999995
Random Forest,40,Needle_Passing_B004,Needle Passing,B,19,17.35,-1.6499999999999986,1.6499999999999986
Random Forest,41,Needle_Passing_C001,Needle Passing,C,11,17.192,6.192,6.192
Random Forest,42,Needle_Passing_C002,Needle Passing,C,9,19.116,10.116,10.116
Random Forest,43,Needle_Passing_C003,Needle Passing,C,7,20.54,13.54,13.54
Random Forest,44,Needle_Passing_C004,Needle Passing,C,12,18.358,6.3580000000000005,6.3580000000000005
Random Forest,45,Needle_Passing_C005,Needle Passing,C,12,18.38,6.379999999999999,6.379999999999999
Random Forest,46,Needle_Passing_D001,Needle Passing,D,9,13.022,4.022,4.022
Random Forest,47,Needle_Passing_D002,Needle Passing,D,11,12.674,1.6739999999999995,1.6739999999999995
Random Forest,48,Needle_Passing_D003,Needle Passing,D,10,15.556,5.555999999999999,5.555999999999999
Random Forest,49,Needle_Passing_D004,Needle Passing,D,12,11.106,-0.8940000000000001,0.8940000000000001
Random Forest,50,Needle_Passing_D005,Needle Passing,D,13,13.894,0.8940000000000001,0.8940000000000001
Random Forest,51,Needle_Passing_E001,Needle Passing,E,13,12.486,-0.5139999999999993,0.5139999999999993
Random Forest,52,Needle_Passing_E003,Needle Passing,E,13,14.31,1.3100000000000005,1.3100000000000005
Random Forest,53,Needle_Passing_E004,Needle Passing,E,14,14.376,0.37599999999999945,0.37599999999999945
Random Forest,54,Needle_Passing_E005,Needle Passing,E,17,16.01,-0.9899999999999984,0.9899999999999984
Random Forest,55,Needle_Passing_F001,Needle Passing,F,22,12.404,-9.596,9.596
Random Forest,56,Needle_Passing_F003,Needle Passing,F,15,17.22,2.219999999999999,2.219999999999999
Random Forest,57,Needle_Passing_F004,Needle Passing,F,24,16.426,-7.574000000000002,7.574000000000002
Random Forest,58,Needle_Passing_H002,Needle Passing,H,19,11.598,-7.401999999999999,7.401999999999999
Random Forest,59,Needle_Passing_H004,Needle Passing,H,20,17.186,-2.814,2.814
Random Forest,60,Needle_Passing_H005,Needle Passing,H,21,17.296,-3.7040000000000006,3.7040000000000006
Random Forest,61,Needle_Passing_I002,Needle Passing,I,12,12.092,0.09200000000000053,0.09200000000000053
Random Forest,62,Needle_Passing_I003,Needle Passing,I,14,13.896,-0.1039999999999992,0.1039999999999992
Random Forest,63,Needle_Passing_I004,Needle Passing,I,18,14.496,-3.5039999999999996,3.5039999999999996
Random Forest,64,Needle_Passing_I005,Needle Passing,I,23,16.29,-6.710000000000001,6.710000000000001
Random Forest,65,Suturing_B001,Suturing,B,13,12.23,-0.7699999999999996,0.7699999999999996
Random Forest,66,Suturing_B002,Suturing,B,17,17.24,0.23999999999999844,0.23999999999999844
Random Forest,67,Suturing_B003,Suturing,B,14,17.53,3.530000000000001,3.530000000000001
Random Forest,68,Suturing_B004,Suturing,B,10,17.08,7.079999999999998,7.079999999999998
Random Forest,69,Suturing_B005,Suturing,B,12,18.24,6.239999999999998,6.239999999999998
Random Forest,70,Suturing_C001,Suturing,C,26,22.966,-3.033999999999999,3.033999999999999
Random Forest,71,Suturing_C002,Suturing,C,20,20.79,0.7899999999999991,0.7899999999999991
Random Forest,72,Suturing_C003,Suturing,C,26,23.584,-2.4160000000000004,2.4160000000000004
Random Forest,73,Suturing_C004,Suturing,C,30,23.502,-6.498000000000001,6.498000000000001
Random Forest,74,Suturing_C005,Suturing,C,17,23.238,6.2379999999999995,6.2379999999999995
Random Forest,75,Suturing_D001,Suturing,D,14,15.562,1.5619999999999994,1.5619999999999994
Random Forest,76,Suturing_D002,Suturing,D,18,16.838,-1.161999999999999,1.161999999999999
Random Forest,77,Suturing_D003,Suturing,D,14,16.512,2.5120000000000005,2.5120000000000005
Random Forest,78,Suturing_D004,Suturing,D,8,16.442,8.442,8.442
Random Forest,79,Suturing_D005,Suturing,D,15,15.98,0.9800000000000004,0.9800000000000004
Random Forest,80,Suturing_E001,Suturing,E,17,14.87,-2.130000000000001,2.130000000000001
Random Forest,81,Suturing_E002,Suturing,E,20,14.938,-5.061999999999999,5.061999999999999
Random Forest,82,Suturing_E003,Suturing,E,19,13.922,-5.077999999999999,5.077999999999999
Random Forest,83,Suturing_E004,Suturing,E,19,12.134,-6.866,6.866
Random Forest,84,Suturing_E005,Suturing,E,19,14.554,-4.446,4.446
Random Forest,85,Suturing_F001,Suturing,F,24,18.67,-5.329999999999998,5.329999999999998
Random Forest,86,Suturing_F002,Suturing,F,26,17.324,-8.675999999999998,8.675999999999998
Random Forest,87,Suturing_F003,Suturing,F,29,18.728,-10.271999999999998,10.271999999999998
Random Forest,88,Suturing_F004,Suturing,F,24,16.7,-7.300000000000001,7.300000000000001
Random Forest,89,Suturing_F005,Suturing,F,29,19.018,-9.982,9.982
Random Forest,90,Suturing_G001,Suturing,G,13,15.844,2.8439999999999994,2.8439999999999994
Random Forest,91,Suturing_G002,Suturing,G,18,17.138,-0.8619999999999983,0.8619999999999983
Random Forest,92,Suturing_G003,Suturing,G,13,15.798,2.798,2.798
Random Forest,93,Suturing_G004,Suturing,G,21,18.108,-2.8919999999999995,2.8919999999999995
Random Forest,94,Suturing_G005,Suturing,G,23,16.586,-6.4140000000000015,6.4140000000000015
Random Forest,95,Suturing_H001,Suturing,H,14,15.982,1.9819999999999993,1.9819999999999993
Random Forest,96,Suturing_H003,Suturing,H,25,15.092,-9.908,9.908
Random Forest,97,Suturing_H004,Suturing,H,19,16.146,-2.853999999999999,2.853999999999999
Random Forest,98,Suturing_H005,Suturing,H,21,16.182,-4.818000000000001,4.818000000000001
Random Forest,99,Suturing_I001,Suturing,I,17,15.752,-1.2479999999999993,1.2479999999999993
Random Forest,100,Suturing_I002,Suturing,I,23,14.25,-8.75,8.75
Random Forest,101,Suturing_I003,Suturing,I,17,15.484,-1.516,1.516
Random Forest,102,Suturing_I004,Suturing,I,23,15.258,-7.742000000000001,7.742000000000001
Random Forest,103,Suturing_I005,Suturing,I,19,15.902,-3.0980000000000008,3.0980000000000008
Extra Trees,1,Knot_Tying_B001,Knot Tying,B,13,12.158,-0.8420000000000005,0.8420000000000005
Extra Trees,2,Knot_Tying_B002,Knot Tying,B,9,13.122,4.122,4.122
Extra Trees,3,Knot_Tying_B003,Knot Tying,B,11,12.034,1.0340000000000007,1.0340000000000007
Extra Trees,4,Knot_Tying_B004,Knot Tying,B,8,15.152,7.151999999999999,7.151999999999999
Extra Trees,5,Knot_Tying_C001,Knot Tying,C,20,22.132,2.1320000000000014,2.1320000000000014
Extra Trees,6,Knot_Tying_C002,Knot Tying,C,22,24.584,2.5839999999999996,2.5839999999999996
Extra Trees,7,Knot_Tying_C003,Knot Tying,C,18,24.084,6.084,6.084
Extra Trees,8,Knot_Tying_C004,Knot Tying,C,20,22.132,2.1320000000000014,2.1320000000000014
Extra Trees,9,Knot_Tying_C005,Knot Tying,C,20,19.83,-0.1700000000000017,0.1700000000000017
Extra Trees,10,Knot_Tying_D001,Knot Tying,D,14,14.89,0.8900000000000006,0.8900000000000006
Extra Trees,11,Knot_Tying_D002,Knot Tying,D,16,16.514,0.5139999999999993,0.5139999999999993
Extra Trees,12,Knot_Tying_D003,Knot Tying,D,12,19.468,7.468,7.468
Extra Trees,13,Knot_Tying_D004,Knot Tying,D,19,16.964,-2.0360000000000014,2.0360000000000014
Extra Trees,14,Knot_Tying_D005,Knot Tying,D,18,18.022,0.021999999999998465,0.021999999999998465
Extra Trees,15,Knot_Tying_E001,Knot Tying,E,18,13.108,-4.8919999999999995,4.8919999999999995
Extra Trees,16,Knot_Tying_E002,Knot Tying,E,19,12.114,-6.885999999999999,6.885999999999999
Extra Trees,17,Knot_Tying_E003,Knot Tying,E,22,14.108,-7.8919999999999995,7.8919999999999995
Extra Trees,18,Knot_Tying_E004,Knot Tying,E,18,14.31,-3.6899999999999995,3.6899999999999995
Extra Trees,19,Knot_Tying_E005,Knot Tying,E,21,12.574,-8.426,8.426
Extra Trees,20,Knot_Tying_F001,Knot Tying,F,16,15.88,-0.11999999999999922,0.11999999999999922
Extra Trees,21,Knot_Tying_F002,Knot Tying,F,20,17.194,-2.806000000000001,2.806000000000001
Extra Trees,22,Knot_Tying_F003,Knot Tying,F,10,15.126,5.1259999999999994,5.1259999999999994
Extra Trees,23,Knot_Tying_F004,Knot Tying,F,10,15.682,5.682,5.682
Extra Trees,24,Knot_Tying_F005,Knot Tying,F,15,12.362,-2.638,2.638
Extra Trees,25,Knot_Tying_G001,Knot Tying,G,9,15.644,6.644,6.644
Extra Trees,26,Knot_Tying_G002,Knot Tying,G,11,13.108,2.1080000000000005,2.1080000000000005
Extra Trees,27,Knot_Tying_G003,Knot Tying,G,10,16.06,6.059999999999999,6.059999999999999
Extra Trees,28,Knot_Tying_G004,Knot Tying,G,6,12.124,6.1240000000000006,6.1240000000000006
Extra Trees,29,Knot_Tying_G005,Knot Tying,G,11,13.696,2.6959999999999997,2.6959999999999997
Extra Trees,30,Knot_Tying_H003,Knot Tying,H,12,12.104,0.1039999999999992,0.1039999999999992
Extra Trees,31,Knot_Tying_H004,Knot Tying,H,22,19.21,-2.789999999999999,2.789999999999999
Extra Trees,32,Knot_Tying_H005,Knot Tying,H,18,13.618,-4.382,4.382
Extra Trees,33,Knot_Tying_I001,Knot Tying,I,9,13.432,4.432,4.432
Extra Trees,34,Knot_Tying_I002,Knot Tying,I,8,13.526,5.526,5.526
Extra Trees,35,Knot_Tying_I003,Knot Tying,I,8,15.772,7.772,7.772
Extra Trees,36,Knot_Tying_I005,Knot Tying,I,6,18.222,12.222000000000001,12.222000000000001
Extra Trees,37,Needle_Passing_B001,Needle Passing,B,8,13.802,5.802,5.802
Extra Trees,38,Needle_Passing_B002,Needle Passing,B,8,18.368,10.367999999999999,10.367999999999999
Extra Trees,39,Needle_Passing_B003,Needle Passing,B,14,15.712,1.7119999999999997,1.7119999999999997
Extra Trees,40,Needle_Passing_B004,Needle Passing,B,19,16.782,-2.218,2.218
Extra Trees,41,Needle_Passing_C001,Needle Passing,C,11,18.416,7.416,7.416
Extra Trees,42,Needle_Passing_C002,Needle Passing,C,9,18.486,9.486,9.486
Extra Trees,43,Needle_Passing_C003,Needle Passing,C,7,20.762,13.762,13.762
Extra Trees,44,Needle_Passing_C004,Needle Passing,C,12,19.376,7.376000000000001,7.376000000000001
Extra Trees,45,Needle_Passing_C005,Needle Passing,C,12,16.962,4.962,4.962
Extra Trees,46,Needle_Passing_D001,Needle Passing,D,9,13.104,4.103999999999999,4.103999999999999
Extra Trees,47,Needle_Passing_D002,Needle Passing,D,11,13.06,2.0600000000000005,2.0600000000000005
Extra Trees,48,Needle_Passing_D003,Needle Passing,D,10,15.288,5.288,5.288
Extra Trees,49,Needle_Passing_D004,Needle Passing,D,12,11.906,-0.09399999999999942,0.09399999999999942
Extra Trees,50,Needle_Passing_D005,Needle Passing,D,13,14.506,1.5060000000000002,1.5060000000000002
Extra Trees,51,Needle_Passing_E001,Needle Passing,E,13,12.424,-0.5760000000000005,0.5760000000000005
Extra Trees,52,Needle_Passing_E003,Needle Passing,E,13,13.996,0.9960000000000004,0.9960000000000004
Extra Trees,53,Needle_Passing_E004,Needle Passing,E,14,12.988,-1.0120000000000005,1.0120000000000005
Extra Trees,54,Needle_Passing_E005,Needle Passing,E,17,14.93,-2.0700000000000003,2.0700000000000003
Extra Trees,55,Needle_Passing_F001,Needle Passing,F,22,11.594,-10.406,10.406
Extra Trees,56,Needle_Passing_F003,Needle Passing,F,15,14.218,-0.782,0.782
Extra Trees,57,Needle_Passing_F004,Needle Passing,F,24,13.452,-10.548,10.548
Extra Trees,58,Needle_Passing_H002,Needle Passing,H,19,12.51,-6.49,6.49
Extra Trees,59,Needle_Passing_H004,Needle Passing,H,20,16.114,-3.8859999999999992,3.8859999999999992
Extra Trees,60,Needle_Passing_H005,Needle Passing,H,21,16.9,-4.100000000000001,4.100000000000001
Extra Trees,61,Needle_Passing_I002,Needle Passing,I,12,12.96,0.9600000000000009,0.9600000000000009
Extra Trees,62,Needle_Passing_I003,Needle Passing,I,14,12.976,-1.0239999999999991,1.0239999999999991
Extra Trees,63,Needle_Passing_I004,Needle Passing,I,18,13.432,-4.568,4.568
Extra Trees,64,Needle_Passing_I005,Needle Passing,I,23,16.892,-6.1080000000000005,6.1080000000000005
Extra Trees,65,Suturing_B001,Suturing,B,13,11.96,-1.0399999999999991,1.0399999999999991
Extra Trees,66,Suturing_B002,Suturing,B,17,17.21,0.21000000000000085,0.21000000000000085
Extra Trees,67,Suturing_B003,Suturing,B,14,16.54,2.539999999999999,2.539999999999999
Extra Trees,68,Suturing_B004,Suturing,B,10,16.252,6.251999999999999,6.251999999999999
Extra Trees,69,Suturing_B005,Suturing,B,12,17.158,5.158000000000001,5.158000000000001
Extra Trees,70,Suturing_C001,Suturing,C,26,24.448,-1.5519999999999996,1.5519999999999996
Extra Trees,71,Suturing_C002,Suturing,C,20,22.658,2.6580000000000013,2.6580000000000013
Extra Trees,72,Suturing_C003,Suturing,C,26,24.49,-1.5100000000000016,1.5100000000000016
Extra Trees,73,Suturing_C004,Suturing,C,30,24.488,-5.5120000000000005,5.5120000000000005
Extra Trees,74,Suturing_C005,Suturing,C,17,24.55,7.550000000000001,7.550000000000001
Extra Trees,75,Suturing_D001,Suturing,D,14,16.97,2.969999999999999,2.969999999999999
Extra Trees,76,Suturing_D002,Suturing,D,18,16.72,-1.2800000000000011,1.2800000000000011
Extra Trees,77,Suturing_D003,Suturing,D,14,16.522,2.5219999999999985,2.5219999999999985
Extra Trees,78,Suturing_D004,Suturing,D,8,17.224,9.224,9.224
Extra Trees,79,Suturing_D005,Suturing,D,15,15.858,0.8580000000000005,0.8580000000000005
Extra Trees,80,Suturing_E001,Suturing,E,17,14.562,-2.4380000000000006,2.4380000000000006
Extra Trees,81,Suturing_E002,Suturing,E,20,14.124,-5.8759999999999994,5.8759999999999994
Extra Trees,82,Suturing_E003,Suturing,E,19,13.4,-5.6,5.6
Extra Trees,83,Suturing_E004,Suturing,E,19,11.892,-7.1080000000000005,7.1080000000000005
Extra Trees,84,Suturing_E005,Suturing,E,19,15.138,-3.862,3.862
Extra Trees,85,Suturing_F001,Suturing,F,24,17.818,-6.181999999999999,6.181999999999999
Extra Trees,86,Suturing_F002,Suturing,F,26,16.29,-9.71,9.71
Extra Trees,87,Suturing_F003,Suturing,F,29,17.084,-11.916,11.916
Extra Trees,88,Suturing_F004,Suturing,F,24,16.268,-7.731999999999999,7.731999999999999
Extra Trees,89,Suturing_F005,Suturing,F,29,18.468,-10.532,10.532
Extra Trees,90,Suturing_G001,Suturing,G,13,14.93,1.9299999999999997,1.9299999999999997
Extra Trees,91,Suturing_G002,Suturing,G,18,16.036,-1.9639999999999986,1.9639999999999986
Extra Trees,92,Suturing_G003,Suturing,G,13,14.912,1.9120000000000008,1.9120000000000008
Extra Trees,93,Suturing_G004,Suturing,G,21,17.254,-3.7459999999999987,3.7459999999999987
Extra Trees,94,Suturing_G005,Suturing,G,23,15.844,-7.156000000000001,7.156000000000001
Extra Trees,95,Suturing_H001,Suturing,H,14,16.944,2.943999999999999,2.943999999999999
Extra Trees,96,Suturing_H003,Suturing,H,25,16.232,-8.768,8.768
Extra Trees,97,Suturing_H004,Suturing,H,19,16.176,-2.8240000000000016,2.8240000000000016
Extra Trees,98,Suturing_H005,Suturing,H,21,16.792,-4.207999999999998,4.207999999999998
Extra Trees,99,Suturing_I001,Suturing,I,17,16.142,-0.8580000000000005,0.8580000000000005
Extra Trees,100,Suturing_I002,Suturing,I,23,14.262,-8.738,8.738
Extra Trees,101,Suturing_I003,Suturing,I,17,16.17,-0.8299999999999983,0.8299999999999983
Extra Trees,102,Suturing_I004,Suturing,I,23,14.596,-8.404,8.404
Extra Trees,103,Suturing_I005,Suturing,I,19,15.326,-3.6739999999999995,3.6739999999999995
Gradient Boosting,1,Knot_Tying_B001,Knot Tying,B,13,13.796408713534474,0.7964087135344737,0.7964087135344737
Gradient Boosting,2,Knot_Tying_B002,Knot Tying,B,9,12.409894375364589,3.4098943753645887,3.4098943753645887
Gradient Boosting,3,Knot_Tying_B003,Knot Tying,B,11,12.687345720981174,1.687345720981174,1.687345720981174
Gradient Boosting,4,Knot_Tying_B004,Knot Tying,B,8,12.886666696234213,4.886666696234213,4.886666696234213
Gradient Boosting,5,Knot_Tying_C001,Knot Tying,C,20,22.544630154610747,2.544630154610747,2.544630154610747
Gradient Boosting,6,Knot_Tying_C002,Knot Tying,C,22,23.428238078491283,1.4282380784912831,1.4282380784912831
Gradient Boosting,7,Knot_Tying_C003,Knot Tying,C,18,23.141112070986377,5.141112070986377,5.141112070986377
Gradient Boosting,8,Knot_Tying_C004,Knot Tying,C,20,23.028605009985192,3.028605009985192,3.028605009985192
Gradient Boosting,9,Knot_Tying_C005,Knot Tying,C,20,20.24129980389999,0.24129980389999162,0.24129980389999162
Gradient Boosting,10,Knot_Tying_D001,Knot Tying,D,14,16.226983348455384,2.2269833484553843,2.2269833484553843
Gradient Boosting,11,Knot_Tying_D002,Knot Tying,D,16,16.96282947490796,0.9628294749079593,0.9628294749079593
Gradient Boosting,12,Knot_Tying_D003,Knot Tying,D,12,20.64559466499443,8.64559466499443,8.64559466499443
Gradient Boosting,13,Knot_Tying_D004,Knot Tying,D,19,16.227705184314555,-2.772294815685445,2.772294815685445
Gradient Boosting,14,Knot_Tying_D005,Knot Tying,D,18,18.880735739841832,0.8807357398418318,0.8807357398418318
Gradient Boosting,15,Knot_Tying_E001,Knot Tying,E,18,13.297140197490139,-4.702859802509861,4.702859802509861
Gradient Boosting,16,Knot_Tying_E002,Knot Tying,E,19,10.943168368069161,-8.056831631930839,8.056831631930839
Gradient Boosting,17,Knot_Tying_E003,Knot Tying,E,22,16.11351158464421,-5.886488415355789,5.886488415355789
Gradient Boosting,18,Knot_Tying_E004,Knot Tying,E,18,15.198162265796544,-2.801837734203456,2.801837734203456
Gradient Boosting,19,Knot_Tying_E005,Knot Tying,E,21,12.310923974560296,-8.689076025439704,8.689076025439704
Gradient Boosting,20,Knot_Tying_F001,Knot Tying,F,16,14.350415655269721,-1.649584344730279,1.649584344730279
Gradient Boosting,21,Knot_Tying_F002,Knot Tying,F,20,20.182178217185218,0.18217821718521776,0.18217821718521776
Gradient Boosting,22,Knot_Tying_F003,Knot Tying,F,10,13.909045583720928,3.9090455837209284,3.9090455837209284
Gradient Boosting,23,Knot_Tying_F004,Knot Tying,F,10,17.966280162383494,7.9662801623834945,7.9662801623834945
Gradient Boosting,24,Knot_Tying_F005,Knot Tying,F,15,11.926762864934844,-3.073237135065156,3.073237135065156
Gradient Boosting,25,Knot_Tying_G001,Knot Tying,G,9,20.947874219657734,11.947874219657734,11.947874219657734
Gradient Boosting,26,Knot_Tying_G002,Knot Tying,G,11,16.650311845165668,5.6503118451656675,5.6503118451656675
Gradient Boosting,27,Knot_Tying_G003,Knot Tying,G,10,17.451276725929617,7.451276725929617,7.451276725929617
Gradient Boosting,28,Knot_Tying_G004,Knot Tying,G,6,11.312098320457002,5.312098320457002,5.312098320457002
Gradient Boosting,29,Knot_Tying_G005,Knot Tying,G,11,13.217776284063328,2.217776284063328,2.217776284063328
Gradient Boosting,30,Knot_Tying_H003,Knot Tying,H,12,11.866092262882301,-0.1339077371176991,0.1339077371176991
Gradient Boosting,31,Knot_Tying_H004,Knot Tying,H,22,19.628147958416335,-2.371852041583665,2.371852041583665
Gradient Boosting,32,Knot_Tying_H005,Knot Tying,H,18,12.722101606275361,-5.277898393724639,5.277898393724639
Gradient Boosting,33,Knot_Tying_I001,Knot Tying,I,9,13.108326684591438,4.108326684591438,4.108326684591438
Gradient Boosting,34,Knot_Tying_I002,Knot Tying,I,8,14.303307053359736,6.303307053359736,6.303307053359736
Gradient Boosting,35,Knot_Tying_I003,Knot Tying,I,8,13.61248253475976,5.61248253475976,5.61248253475976
Gradient Boosting,36,Knot_Tying_I005,Knot Tying,I,6,18.613581283023674,12.613581283023674,12.613581283023674
Gradient Boosting,37,Needle_Passing_B001,Needle Passing,B,8,14.349846681750329,6.3498466817503285,6.3498466817503285
Gradient Boosting,38,Needle_Passing_B002,Needle Passing,B,8,20.577153646183316,12.577153646183316,12.577153646183316
Gradient Boosting,39,Needle_Passing_B003,Needle Passing,B,14,15.30703450026846,1.3070345002684594,1.3070345002684594
Gradient Boosting,40,Needle_Passing_B004,Needle Passing,B,19,17.412658911363724,-1.5873410886362755,1.5873410886362755
Gradient Boosting,41,Needle_Passing_C001,Needle Passing,C,11,21.89903537405398,10.89903537405398,10.89903537405398
Gradient Boosting,42,Needle_Passing_C002,Needle Passing,C,9,23.303991244721864,14.303991244721864,14.303991244721864
Gradient Boosting,43,Needle_Passing_C003,Needle Passing,C,7,20.384505328649112,13.384505328649112,13.384505328649112
Gradient Boosting,44,Needle_Passing_C004,Needle Passing,C,12,23.178201193782044,11.178201193782044,11.178201193782044
Gradient Boosting,45,Needle_Passing_C005,Needle Passing,C,12,21.479467273989204,9.479467273989204,9.479467273989204
Gradient Boosting,46,Needle_Passing_D001,Needle Passing,D,9,13.765182223779043,4.765182223779043,4.765182223779043
Gradient Boosting,47,Needle_Passing_D002,Needle Passing,D,11,12.065218247859368,1.0652182478593684,1.0652182478593684
Gradient Boosting,48,Needle_Passing_D003,Needle Passing,D,10,15.114346718224962,5.114346718224962,5.114346718224962
Gradient Boosting,49,Needle_Passing_D004,Needle Passing,D,12,10.80722100307345,-1.1927789969265508,1.1927789969265508
Gradient Boosting,50,Needle_Passing_D005,Needle Passing,D,13,15.18980364449118,2.18980364449118,2.18980364449118
Gradient Boosting,51,Needle_Passing_E001,Needle Passing,E,13,10.921569962863916,-2.0784300371360835,2.0784300371360835
Gradient Boosting,52,Needle_Passing_E003,Needle Passing,E,13,14.568029065944422,1.5680290659444225,1.5680290659444225
Gradient Boosting,53,Needle_Passing_E004,Needle Passing,E,14,13.119970333827453,-0.8800296661725469,0.8800296661725469
Gradient Boosting,54,Needle_Passing_E005,Needle Passing,E,17,14.614667074747004,-2.385332925252996,2.385332925252996
Gradient Boosting,55,Needle_Passing_F001,Needle Passing,F,22,7.749157587975053,-14.250842412024948,14.250842412024948
Gradient Boosting,56,Needle_Passing_F003,Needle Passing,F,15,14.66943652585537,-0.33056347414463083,0.33056347414463083
Gradient Boosting,57,Needle_Passing_F004,Needle Passing,F,24,16.119218495600702,-7.880781504399298,7.880781504399298
Gradient Boosting,58,Needle_Passing_H002,Needle Passing,H,19,9.469676638154212,-9.530323361845788,9.530323361845788
Gradient Boosting,59,Needle_Passing_H004,Needle Passing,H,20,18.126553450353118,-1.8734465496468822,1.8734465496468822
Gradient Boosting,60,Needle_Passing_H005,Needle Passing,H,21,19.938774941285583,-1.0612250587144167,1.0612250587144167
Gradient Boosting,61,Needle_Passing_I002,Needle Passing,I,12,12.523730493970284,0.5237304939702838,0.5237304939702838
Gradient Boosting,62,Needle_Passing_I003,Needle Passing,I,14,12.24301041547938,-1.7569895845206194,1.7569895845206194
Gradient Boosting,63,Needle_Passing_I004,Needle Passing,I,18,14.001590416929357,-3.998409583070643,3.998409583070643
Gradient Boosting,64,Needle_Passing_I005,Needle Passing,I,23,16.6140922504228,-6.3859077495772,6.3859077495772
Gradient Boosting,65,Suturing_B001,Suturing,B,13,10.419732221342658,-2.5802677786573422,2.5802677786573422
Gradient Boosting,66,Suturing_B002,Suturing,B,17,18.83366088260798,1.8336608826079797,1.8336608826079797
Gradient Boosting,67,Suturing_B003,Suturing,B,14,18.86667528659431,4.866675286594312,4.866675286594312
Gradient Boosting,68,Suturing_B004,Suturing,B,10,17.190693315569188,7.190693315569188,7.190693315569188
Gradient Boosting,69,Suturing_B005,Suturing,B,12,19.999517137795692,7.999517137795692,7.999517137795692
Gradient Boosting,70,Suturing_C001,Suturing,C,26,23.504129835326005,-2.4958701646739954,2.4958701646739954
Gradient Boosting,71,Suturing_C002,Suturing,C,20,22.43260076260178,2.43260076260178,2.43260076260178
Gradient Boosting,72,Suturing_C003,Suturing,C,26,23.392779387181356,-2.6072206128186437,2.6072206128186437
Gradient Boosting,73,Suturing_C004,Suturing,C,30,23.353510685866855,-6.646489314133145,6.646489314133145
Gradient Boosting,74,Suturing_C005,Suturing,C,17,22.88160226470685,5.881602264706849,5.881602264706849
Gradient Boosting,75,Suturing_D001,Suturing,D,14,14.623303529237818,0.623303529237818,0.623303529237818
Gradient Boosting,76,Suturing_D002,Suturing,D,18,18.163076907805205,0.16307690780520545,0.16307690780520545
Gradient Boosting,77,Suturing_D003,Suturing,D,14,17.046370667350057,3.0463706673500575,3.0463706673500575
Gradient Boosting,78,Suturing_D004,Suturing,D,8,16.050498064763364,8.050498064763364,8.050498064763364
Gradient Boosting,79,Suturing_D005,Suturing,D,15,14.629554823542996,-0.3704451764570038,0.3704451764570038
Gradient Boosting,80,Suturing_E001,Suturing,E,17,14.522080112041847,-2.477919887958153,2.477919887958153
Gradient Boosting,81,Suturing_E002,Suturing,E,20,14.623795727279244,-5.376204272720756,5.376204272720756
Gradient Boosting,82,Suturing_E003,Suturing,E,19,13.220110665717588,-5.779889334282412,5.779889334282412
Gradient Boosting,83,Suturing_E004,Suturing,E,19,11.832343643744954,-7.167656356255046,7.167656356255046
Gradient Boosting,84,Suturing_E005,Suturing,E,19,14.682850949997775,-4.317149050002225,4.317149050002225
Gradient Boosting,85,Suturing_F001,Suturing,F,24,20.59669751575505,-3.40330248424495,3.40330248424495
Gradient Boosting,86,Suturing_F002,Suturing,F,26,14.632354683742927,-11.367645316257073,11.367645316257073
Gradient Boosting,87,Suturing_F003,Suturing,F,29,18.505770405369766,-10.494229594630234,10.494229594630234
Gradient Boosting,88,Suturing_F004,Suturing,F,24,14.69113134364088,-9.30886865635912,9.30886865635912
Gradient Boosting,89,Suturing_F005,Suturing,F,29,19.922366856831815,-9.077633143168185,9.077633143168185
Gradient Boosting,90,Suturing_G001,Suturing,G,13,16.20807844702215,3.2080784470221495,3.2080784470221495
Gradient Boosting,91,Suturing_G002,Suturing,G,18,16.52882143391983,-1.4711785660801695,1.4711785660801695
Gradient Boosting,92,Suturing_G003,Suturing,G,13,16.547057718020604,3.5470577180206035,3.5470577180206035
Gradient Boosting,93,Suturing_G004,Suturing,G,21,18.77408253612532,-2.22591746387468,2.22591746387468
Gradient Boosting,94,Suturing_G005,Suturing,G,23,17.03187180327999,-5.968128196720009,5.968128196720009
Gradient Boosting,95,Suturing_H001,Suturing,H,14,17.463339792293567,3.463339792293567,3.463339792293567
Gradient Boosting,96,Suturing_H003,Suturing,H,25,14.98551179264726,-10.01448820735274,10.01448820735274
Gradient Boosting,97,Suturing_H004,Suturing,H,19,17.690808593558575,-1.3091914064414247,1.3091914064414247
Gradient Boosting,98,Suturing_H005,Suturing,H,21,17.633586360850053,-3.366413639149947,3.366413639149947
Gradient Boosting,99,Suturing_I001,Suturing,I,17,16.943731258334108,-0.05626874166589246,0.05626874166589246
Gradient Boosting,100,Suturing_I002,Suturing,I,23,13.208948494857333,-9.791051505142667,9.791051505142667
Gradient Boosting,101,Suturing_I003,Suturing,I,17,14.766512689216967,-2.2334873107830333,2.2334873107830333
Gradient Boosting,102,Suturing_I004,Suturing,I,23,15.263875963124658,-7.736124036875342,7.736124036875342
Gradient Boosting,103,Suturing_I005,Suturing,I,19,14.204561566545504,-4.795438433454496,4.795438433454496
